workspace_id,oid,partition_key,blob_hex,type
b31d8193-2392-4ed9-96d4-56c82ac65493,0b3b951e-35fb-4308-85f1-5abfec906c70,4,07000000000000000182cbf8ed03175402000000000000011782cbf8ed03002701046461746104646174610127010464617461046d657461012701046461746107636f6d6d656e7400280082cbf8ed030002696401772430623362393531652d333566622d343330382d383566312d356162666563393036633730280082cbf8ed03000b64617461626173655f696401772462333862646332312d323634322d346132622d616531342d343266303137323964353266280082cbf8ed030006686569676874017a000000000000003c280082cbf8ed03000a7669736962696c6974790178280082cbf8ed03000a637265617465645f6174017a0000000069823984280082cbf8ed03000d6c6173745f6d6f646966696564017a0000000069823984270082cbf8ed03000563656c6c7301270082cbf8ed03090677645838444701280082cbf8ed030a0d6c6173745f6d6f646966696564017da2faf7eb0c280082cbf8ed030a0a637265617465645f6174017d9bfaf7eb0c280082cbf8ed030a0464617461017709474f516a2c42707967280082cbf8ed030a0a6669656c645f74797065017d04270082cbf8ed03090670685652674c01280082cbf8ed030f046461746101771d4c6f766520417070466c6f777920616e64206f70656e20736f75726365280082cbf8ed030f0d6c6173745f6d6f646966696564017d9ef7f7eb0c280082cbf8ed030f0a637265617465645f6174017daff6f7eb0c280082cbf8ed030f0a6669656c645f74797065017d00270082cbf8ed03090653717752673101280082cbf8ed03140464617461017704547a6e48280082cbf8ed03140a6669656c645f74797065017d030000,Other
b31d8193-2392-4ed9-96d4-56c82ac65493,0d49845d-62d7-4f36-b172-ee40d24d9c3d,0,"",View
b31d8193-2392-4ed9-96d4-56c82ac65493,24c99176-be25-4ebe-9cc0-e07f5619bd01,0,07000000000000000195e09bfd031a4902000000000000011a95e09bfd03002701046461746108646f63756d656e7401270095e09bfd030006626c6f636b7301270095e09bfd0300046d65746101270095e09bfd03020c6368696c6472656e5f6d617001270095e09bfd030208746578745f6d617001280095e09bfd030007706167655f696401770a664f7a5246746d786754270095e09bfd03010a664f7a5246746d78675401280095e09bfd030602696401770a664f7a5246746d786754280095e09bfd030602747901770470616765280095e09bfd030606706172656e74017700280095e09bfd0306086368696c6472656e01770a41783563577332305846280095e09bfd030604646174610177027b7d280095e09bfd03060b65787465726e616c5f6964017e280095e09bfd03060d65787465726e616c5f74797065017e270095e09bfd03030a4178356357733230584600270095e09bfd03010a307837466b643537484c01280095e09bfd030f02696401770a307837466b643537484c280095e09bfd030f027479017709706172616772617068280095e09bfd030f06706172656e7401770a664f7a5246746d786754280095e09bfd030f086368696c6472656e01770a6f445172585246683543280095e09bfd030f04646174610177027b7d280095e09bfd030f0b65787465726e616c5f696401770a744a4c446c65762d5563280095e09bfd030f0d65787465726e616c5f7479706501770474657874270095e09bfd03030a6f44517258524668354300080095e09bfd030e01770a307837466b643537484c270095e09bfd03040a744a4c446c65762d5563020000,View
b31d8193-2392-4ed9-96d4-56c82ac65493,3fa65bf1-1daf-40bc-9bbe-3a33a48c0b66,0,070000000000000001dac8a9b3051a4902000000000000011adac8a9b305002701046461746108646f63756d656e74012700dac8a9b3050006626c6f636b73012700dac8a9b30500046d657461012700dac8a9b305020c6368696c6472656e5f6d6170012700dac8a9b3050208746578745f6d6170012800dac8a9b3050007706167655f696401770a7549393446324e4f4e532700dac8a9b305010a7549393446324e4f4e53012800dac8a9b3050602696401770a7549393446324e4f4e532800dac8a9b30506027479017704706167652800dac8a9b3050606706172656e740177002800dac8a9b30506086368696c6472656e01770a5a4f453446454f6244692800dac8a9b3050604646174610177027b7d2800dac8a9b305060b65787465726e616c5f6964017e2800dac8a9b305060d65787465726e616c5f74797065017e2700dac8a9b305030a5a4f453446454f624469002700dac8a9b305010a482d42306446595f5030012800dac8a9b3050f02696401770a482d42306446595f50302800dac8a9b3050f0274790177097061726167726170682800dac8a9b3050f06706172656e7401770a7549393446324e4f4e532800dac8a9b3050f086368696c6472656e01770a704e4a6f7078453742592800dac8a9b3050f04646174610177027b7d2800dac8a9b3050f0b65787465726e616c5f696401770a4a634859674249465a482800dac8a9b3050f0d65787465726e616c5f74797065017704746578742700dac8a9b305030a704e4a6f707845374259000800dac8a9b3050e01770a482d42306446595f50302700dac8a9b305040a4a634859674249465a48020000,View
b31d8193-2392-4ed9-96d4-56c82ac65493,64bc6923-ebf9-4100-a583-e49c43dcf2c8,4,07000000000000000182cbf8ed03216004000000000000012182cbf8ed03002701046461746104646174610127010464617461046d657461012701046461746107636f6d6d656e7400280082cbf8ed030002696401772436346263363932332d656266392d343130302d613538332d653439633433646366326338280082cbf8ed03000b64617461626173655f696401772462333862646332312d323634322d346132622d616531342d343266303137323964353266280082cbf8ed030006686569676874017a000000000000003c280082cbf8ed03000a7669736962696c6974790178280082cbf8ed03000a637265617465645f6174017a0000000069823984280082cbf8ed03000d6c6173745f6d6f646966696564017a0000000069823984270082cbf8ed03000563656c6c7301270082cbf8ed03090670685652674c01280082cbf8ed030a0464617461017714547279206f7574204149204368617420f09f92ac280082cbf8ed030a0a6669656c645f74797065017d00280082cbf8ed030a0a637265617465645f6174017d88f3f7eb0c280082cbf8ed030a0d6c6173745f6d6f646966696564017d8df6f7eb0c270082cbf8ed0309064b696e56646101280082cbf8ed030f0a637265617465645f6174017d8efbf7eb0c280082cbf8ed030f04646174610177af017b226f7074696f6e73223a5b7b226964223a22484a6c49222c226e616d65223a2243726561746520616e204149206368617420222c22636f6c6f72223a22507572706c65227d2c7b226964223a2234496b32222c226e616d65223a2241736b2061207175657374696f6e2061626f757420796f7572207061676573222c22636f6c6f72223a22507572706c65227d5d2c2273656c65637465645f6f7074696f6e5f696473223a5b22484a6c49225d7d280082cbf8ed030f0a6669656c645f74797065017d07280082cbf8ed030f0d6c6173745f6d6f646966696564017dadfbf7eb0c270082cbf8ed03090677645838444701280082cbf8ed03140d6c6173745f6d6f646966696564017daef9f7eb0c280082cbf8ed03140a637265617465645f6174017da2f9f7eb0c280082cbf8ed03140a6669656c645f74797065017d04280082cbf8ed0314046461746101770e355144592c54742d4a2c67325571270082cbf8ed03090653717752673101280082cbf8ed0319046461746101770443455a44280082cbf8ed03190a6669656c645f74797065017d03270082cbf8ed030906316c6939456f01280082cbf8ed031c0d6c6173745f6d6f646966696564017d80fdf7eb0c280082cbf8ed031c0a6669656c645f74797065017d0c280082cbf8ed031c0a637265617465645f6174017d80fdf7eb0c280082cbf8ed031c0464617461017785014573736179657a206c652043686174626f7420496e74656c6c6967656e6365204172746966696369656c6c6520f09f92ac2cc3802066616972652c5126412c4750542d346f2c436c6175646520332c4372c3a9657220756e2063686174626f74202c44656d616e64657220756e65207175657374696f6e2073757220766f732070616765730000,Other
b31d8193-2392-4ed9-96d4-56c82ac65493,883bf15f-9760-451a-88a5-dcaefe83dc3f,0,080000000000000001e6afc6c303d303ea1500000000000001d301e6afc6c303002701046461746108646f63756d656e74012700e6afc6c3030006626c6f636b73012700e6afc6c30300046d657461012700e6afc6c303020c6368696c6472656e5f6d6170012700e6afc6c3030208746578745f6d6170012800e6afc6c3030007706167655f696401770a724638714461767964542700e6afc6c303010a72463871446176796454012800e6afc6c3030602696401770a724638714461767964542800e6afc6c30306027479017704706167652800e6afc6c3030606706172656e740177002800e6afc6c30306086368696c6472656e01770a53416131344b783053502800e6afc6c3030604646174610177027b7d2800e6afc6c303060b65787465726e616c5f6964017e2800e6afc6c303060d65787465726e616c5f74797065017e2700e6afc6c303030a53416131344b78305350002700e6afc6c303010a58514d435a747145436b012800e6afc6c3030f02696401770a58514d435a747145436b2800e6afc6c3030f027479017707646976696465722800e6afc6c3030f06706172656e7401770a724638714461767964542800e6afc6c3030f086368696c6472656e01770a7931656354516a2d4a7a2800e6afc6c3030f04646174610177027b7d2800e6afc6c3030f0b65787465726e616c5f6964017e2800e6afc6c3030f0d65787465726e616c5f74797065017e2700e6afc6c303030a7931656354516a2d4a7a002700e6afc6c303010a547a6f785a665765354a012800e6afc6c3031802696401770a547a6f785a665765354a2800e6afc6c303180274790177097061726167726170682800e6afc6c3031806706172656e7401770a4f59696a7958345832542800e6afc6c30318086368696c6472656e01770a6a4137464d31784b6d642800e6afc6c3031804646174610177027b7d2800e6afc6c303180b65787465726e616c5f696401770a61654744506d4472686e2800e6afc6c303180d65787465726e616c5f74797065017704746578742700e6afc6c303030a6a4137464d31784b6d64002700e6afc6c303010a46593062627471566343012800e6afc6c3032102696401770a465930626274715663432800e6afc6c303210274790177097061726167726170682800e6afc6c3032106706172656e7401770a724638714461767964542800e6afc6c30321086368696c6472656e01770a75486f6b4f66647164782800e6afc6c3032104646174610177027b7d2800e6afc6c303210b65787465726e616c5f696401770a614b62376d6871574c352800e6afc6c303210d65787465726e616c5f74797065017704746578742700e6afc6c303030a75486f6b4f6664716478002700e6afc6c303010a51445363655f645a7638012800e6afc6c3032a02696401770a51445363655f645a76382800e6afc6c3032a0274790177097061726167726170682800e6afc6c3032a06706172656e7401770a724638714461767964542800e6afc6c3032a086368696c6472656e01770a3142736d4477384a626d2800e6afc6c3032a04646174610177027b7d2800e6afc6c3032a0b65787465726e616c5f696401770a4961796d6147314751582800e6afc6c3032a0d65787465726e616c5f74797065017704746578742700e6afc6c303030a3142736d4477384a626d002700e6afc6c303010a4f6c57317a566d686d65012800e6afc6c3033302696401770a4f6c57317a566d686d652800e6afc6c30333027479017709746f646f5f6c6973742800e6afc6c3033306706172656e7401770a724638714461767964542800e6afc6c30333086368696c6472656e01770a51735a5a675a7966456d2800e6afc6c3033304646174610177117b22636865636b6564223a66616c73657d2800e6afc6c303330b65787465726e616c5f696401770a67694858674d50694f572800e6afc6c303330d65787465726e616c5f74797065017704746578742700e6afc6c303030a51735a5a675a7966456d002700e6afc6c303010a4f59696a795834583254012800e6afc6c3033c02696401770a4f59696a7958345832542800e6afc6c3033c02747901770b746f67676c655f6c6973742800e6afc6c3033c06706172656e7401770a724638714461767964542800e6afc6c3033c086368696c6472656e01770a4e526d4a7369775452332800e6afc6c3033c04646174610177127b22636f6c6c6170736564223a747275657d2800e6afc6c3033c0b65787465726e616c5f696401770a554a795f5041545556732800e6afc6c3033c0d65787465726e616c5f74797065017704746578742700e6afc6c303030a4e526d4a736977545233002700e6afc6c303010a6f794b33775a4f2d5041012800e6afc6c3034502696401770a6f794b33775a4f2d50412800e6afc6c3034502747901770768656164696e672800e6afc6c3034506706172656e7401770a724638714461767964542800e6afc6c30345086368696c6472656e01770a76646b734c507348464e2800e6afc6c30345046461746101770b7b226c6576656c223a347d2800e6afc6c303450b65787465726e616c5f696401770a306b4b6a6775437234502800e6afc6c303450d65787465726e616c5f74797065017704746578742700e6afc6c303030a76646b734c507348464e002700e6afc6c303010a5067527748545f33764d012800e6afc6c3034e02696401770a5067527748545f33764d2800e6afc6c3034e02747901770768656164696e672800e6afc6c3034e06706172656e7401770a724638714461767964542800e6afc6c3034e086368696c6472656e01770a46674253746b446677452800e6afc6c3034e046461746101770b7b226c6576656c223a347d2800e6afc6c3034e0b65787465726e616c5f696401770a694947783865555372392800e6afc6c3034e0d65787465726e616c5f74797065017704746578742700e6afc6c303030a46674253746b44667745002700e6afc6c303010a76595135342d35666144012800e6afc6c3035702696401770a76595135342d356661442800e6afc6c3035702747901770763616c6c6f75742800e6afc6c3035706706172656e7401770a724638714461767964542800e6afc6c30357086368696c6472656e01770a685f53436f6d77336d742800e6afc6c30357046461746101771b7b226267436f6c6f72223a22307830222c2269636f6e223a22227d2800e6afc6c303570b65787465726e616c5f696401770a324a486c2d33665375542800e6afc6c303570d65787465726e616c5f74797065017704746578742700e6afc6c303030a685f53436f6d77336d74002700e6afc6c303010a4745414f454d6f4c414e012800e6afc6c3036002696401770a4745414f454d6f4c414e2800e6afc6c30360027479017709746f646f5f6c6973742800e6afc6c3036006706172656e7401770a724638714461767964542800e6afc6c30360086368696c6472656e01770a7442474276704f3344512800e6afc6c3036004646174610177117b22636865636b6564223a66616c73657d2800e6afc6c303600b65787465726e616c5f696401770a6f5544386476583561342800e6afc6c303600d65787465726e616c5f74797065017704746578742700e6afc6c303030a7442474276704f334451002700e6afc6c303010a48446e4b57306d434f65012800e6afc6c3036902696401770a48446e4b57306d434f652800e6afc6c303690274790177097061726167726170682800e6afc6c3036906706172656e7401770a724638714461767964542800e6afc6c30369086368696c6472656e01770a71714869736a2d4f736e2800e6afc6c3036904646174610177027b7d2800e6afc6c303690b65787465726e616c5f696401770a4558564a5f75767178792800e6afc6c303690d65787465726e616c5f74797065017704746578742700e6afc6c303030a71714869736a2d4f736e002700e6afc6c303010a66765772634659686d44012800e6afc6c3037202696401770a66765772634659686d442800e6afc6c3037202747901770768656164696e672800e6afc6c3037206706172656e7401770a724638714461767964542800e6afc6c30372086368696c6472656e01770a76656e746d65774a5f4b2800e6afc6c30372046461746101770b7b226c6576656c223a327d2800e6afc6c303720b65787465726e616c5f696401770a647374345735416e6f6f2800e6afc6c303720d65787465726e616c5f74797065017704746578742700e6afc6c303030a76656e746d65774a5f4b002700e6afc6c303010a7673306f434a42484974012800e6afc6c3037b02696401770a7673306f434a424849742800e6afc6c3037b02747901770768656164696e672800e6afc6c3037b06706172656e7401770a724638714461767964542800e6afc6c3037b086368696c6472656e01770a55676834482d43526b562800e6afc6c3037b046461746101770b7b226c6576656c223a347d2800e6afc6c3037b0b65787465726e616c5f696401770a38796c5269544b5175662800e6afc6c3037b0d65787465726e616c5f74797065017704746578742700e6afc6c303030a55676834482d43526b56002700e6afc6c303010a4c6168594644675a396d012800e6afc6c303840102696401770a4c6168594644675a396d2800e6afc6c303840102747901770768656164696e672800e6afc6c303840106706172656e7401770a724638714461767964542800e6afc6c3038401086368696c6472656e01770a47706f37762d537134752800e6afc6c3038401046461746101770b7b226c6576656c223a347d2800e6afc6c30384010b65787465726e616c5f696401770a334570486f306d7355782800e6afc6c30384010d65787465726e616c5f74797065017704746578742700e6afc6c303030a47706f37762d53713475002700e6afc6c303010a71354968306c44553133012800e6afc6c3038d0102696401770a71354968306c445531332800e6afc6c3038d01027479017709746f646f5f6c6973742800e6afc6c3038d0106706172656e7401770a724638714461767964542800e6afc6c3038d01086368696c6472656e01770a586d656646704d496a332800e6afc6c3038d0104646174610177117b22636865636b6564223a66616c73657d2800e6afc6c3038d010b65787465726e616c5f696401770a65444a756e4471546d622800e6afc6c3038d010d65787465726e616c5f74797065017704746578742700e6afc6c303030a586d656646704d496a33000800e6afc6c3030e0e770a66765772634659686d44770a4c6168594644675a396d770a4f59696a795834583254770a6f794b33775a4f2d5041770a5067527748545f33764d770a7673306f434a42484974770a46593062627471566343770a76595135342d35666144770a58514d435a747145436b770a51445363655f645a7638770a71354968306c44553133770a4745414f454d6f4c414e770a4f6c57317a566d686d65770a48446e4b57306d434f650800e6afc6c3034401770a547a6f785a665765354a2700e6afc6c303040a324a486c2d3366537554020600e6afc6c303a50104626f6c64047472756584e6afc6c303a6010641736b20414986e6afc6c303ac0104626f6c64046e756c6c84e6afc6c303ad014620706f776572656420627920616476616e636564204149206d6f64656c733a20636861742c207365617263682c2077726974652c20616e64206d756368206d6f726520e29ca82700e6afc6c303040a69494778386555537239020600e6afc6c303f201076d656e74696f6e407b2274797065223a2270616765222c22706167655f6964223a2230643439383435642d363264372d346633362d623137322d656534306432346439633364227d86e6afc6c303f30104626f6c64047472756584e6afc6c303f401012486e6afc6c303f501076d656e74696f6e046e756c6c86e6afc6c303f60104626f6c64046e756c6c2700e6afc6c303040a614b62376d6871574c35022700e6afc6c303040a38796c5269544b517566020600e6afc6c303f90104626f6c64047472756586e6afc6c303fa01076d656e74696f6e407b2274797065223a2270616765222c22706167655f6964223a2233303036666537652d356637392d343839342d626365342d343533343036366338623039227d84e6afc6c303fb01012486e6afc6c303fc01076d656e74696f6e046e756c6c86e6afc6c303fd0104626f6c64046e756c6c86e6afc6c303fe0104636f6465047472756584e6afc6c303ff010b717569636b20737461727486e6afc6c3038a0204636f6465046e756c6c2700e6afc6c303040a65444a756e4471546d62020600e6afc6c3038c0204687265661e2268747470733a2f2f747769747465722e636f6d2f617070666c6f77792284e6afc6c3038d02075477697474657286e6afc6c30394020468726566046e756c6c84e6afc6c30395020b3a2040617070666c6f77792700e6afc6c303040a647374345735416e6f6f020400e6afc6c303a1021357656c636f6d6520746f20417070466c6f77792700e6afc6c303040a554a795f504154555673020400e6afc6c303b50226446f776e6c6f616420666f72206d61634f532c2057696e646f77732c20616e64204c696e75782700e6afc6c303040a61654744506d4472686e020400e6afc6c303dc02012086e6afc6c303dd0204687265661e2268747470733a2f2f617070666c6f77792e696f2f646f776e6c6f61642284e6afc6c303de02046c696e6b86e6afc6c303e2020468726566046e756c6c2700e6afc6c303040a4961796d614731475158020400e6afc6c303e40247e29da4efb88f4c6f766520417070466c6f777920616e64206f70656e20736f757263653f20466f6c6c6f77206f7572206c61746573742070726f6475637420757064617465733a2700e6afc6c303040a6f554438647658356134020600e6afc6c303a8030468726566242268747470733a2f2f7777772e7265646469742e636f6d2f722f417070466c6f77792f2284e6afc6c303a9030652656464697486e6afc6c303af030468726566046e756c6c84e6afc6c303b0030c3a20722f617070666c6f77792700e6afc6c303040a334570486f306d735578020600e6afc6c303bd0304626f6c64047472756586e6afc6c303be03076d656e74696f6e407b2274797065223a2270616765222c22706167655f6964223a2263356237633139382d393731312d346335332d613234322d316163656132636332366334227d84e6afc6c303bf03012486e6afc6c303c003076d656e74696f6e046e756c6c86e6afc6c303c10304626f6c64046e756c6c2700e6afc6c303040a67694858674d50694f57020600e6afc6c303c3030468726566292268747470733a2f2f6769746875622e636f6d2f417070466c6f77792d494f2f417070466c6f77792284e6afc6c303c4030647697468756286e6afc6c303ca030468726566046e756c6c2700e6afc6c303040a4558564a5f7576717879022700e6afc6c303040a306b4b6a677543723450020600e6afc6c303cd0304626f6c64047472756586e6afc6c303ce03076d656e74696f6e407b22706167655f6964223a2264366131623431642d653361612d346132652d383236312d373731366263663130363863222c2274797065223a2270616765227d84e6afc6c303cf03012486e6afc6c303d003076d656e74696f6e046e756c6c86e6afc6c303d10304626f6c64046e756c6c0000,View
b31d8193-2392-4ed9-96d4-56c82ac65493,a56ea885-567c-4570-a01b-5ae6bd1dfa63,4,07000000000000000182cbf8ed03175502000000000000011782cbf8ed03002701046461746104646174610127010464617461046d657461012701046461746107636f6d6d656e7400280082cbf8ed030002696401772461353665613838352d353637632d343537302d613031622d356165366264316466613633280082cbf8ed03000b64617461626173655f696401772462333862646332312d323634322d346132622d616531342d343266303137323964353266280082cbf8ed030006686569676874017a000000000000003c280082cbf8ed03000a7669736962696c6974790178280082cbf8ed03000a637265617465645f6174017a0000000069823984280082cbf8ed03000d6c6173745f6d6f646966696564017a0000000069823984270082cbf8ed03000563656c6c7301270082cbf8ed03090670685652674c01280082cbf8ed030a046461746101771e466f6c6c6f77207573206f6e20547769747465722040617070666c6f7779280082cbf8ed030a0d6c6173745f6d6f646966696564017d80f3f7eb0c280082cbf8ed030a0a6669656c645f74797065017d00280082cbf8ed030a0a637265617465645f6174017db5f1f7eb0c270082cbf8ed03090677645838444701280082cbf8ed030f0d6c6173745f6d6f646966696564017dbdf8f7eb0c280082cbf8ed030f0a6669656c645f74797065017d04280082cbf8ed030f0a637265617465645f6174017db7f8f7eb0c280082cbf8ed030f0464617461017709686f5a782c58595578270082cbf8ed03090653717752673101280082cbf8ed0314046461746101770443455a44280082cbf8ed03140a6669656c645f74797065017d030000,Other
b31d8193-2392-4ed9-96d4-56c82ac65493,acb4d4b6-f3e8-4665-a6e0-99efb3f85031,4,07000000000000000182cbf8ed03175202000000000000011782cbf8ed03002701046461746104646174610127010464617461046d657461012701046461746107636f6d6d656e7400280082cbf8ed030002696401772461636234643462362d663365382d343636352d613665302d393965666233663835303331280082cbf8ed03000b64617461626173655f696401772462333862646332312d323634322d346132622d616531342d343266303137323964353266280082cbf8ed030006686569676874017a000000000000003c280082cbf8ed03000a7669736962696c6974790178280082cbf8ed03000a637265617465645f6174017a0000000069823984280082cbf8ed03000d6c6173745f6d6f646966696564017a0000000069823984270082cbf8ed03000563656c6c7301270082cbf8ed03090653717752673101280082cbf8ed030a0a6669656c645f74797065017d03280082cbf8ed030a0d6c6173745f6d6f646966696564017db1f7f7eb0c280082cbf8ed030a04646174610177045f5f6e36280082cbf8ed030a0a637265617465645f6174017db1f7f7eb0c270082cbf8ed03090670685652674c01280082cbf8ed030f046461746101772043726561746520616e20417070466c6f777920436c6f7564206163636f756e74280082cbf8ed030f0a6669656c645f74797065017d00270082cbf8ed03090677645838444701280082cbf8ed03120d6c6173745f6d6f646966696564017dabfaf7eb0c280082cbf8ed03120a637265617465645f6174017dabfaf7eb0c280082cbf8ed031204646174610177043450446e280082cbf8ed03120a6669656c645f74797065017d040000,Other
b31d8193-2392-4ed9-96d4-56c82ac65493,b31d8193-2392-4ed9-96d4-56c82ac65493,3,070000000000000001b3b382fa0f7609110000000000000172b3b382fa0f002701046461746106666f6c646572012700b3b382fa0f00057669657773012700b3b382fa0f000773656374696f6e012700b3b382fa0f00046d657461012700b3b382fa0f000872656c6174696f6e012700b3b382fa0f02086661766f72697465012700b3b382fa0f0206726563656e74012700b3b382fa0f02057472617368012700b3b382fa0f020770726976617465012700b3b382fa0f012462333164383139332d323339322d346564392d393664342d353663383261633635343933012800b3b382fa0f0902696401772462333164383139332d323339322d346564392d393664342d3536633832616336353439332800b3b382fa0f09046e616d65017709576f726b73706163652800b3b382fa0f09036269640177002800b3b382fa0f09066c61796f7574017a00000000000000002800b3b382fa0f090a637265617465645f6174017a00000000698239842700b3b382fa0f042462333164383139332d323339322d346564392d393664342d353663383261633635343933000800b3b382fa0f0f027601026964772432346339393137362d626532352d346562652d396363302d6530376635363139626430317601026964772433666136356266312d316461662d343062632d396262652d3361333361343863306236362800b3b382fa0f090469636f6e0177002800b3b382fa0f090a637265617465645f6279017a07b3f3678b8010002100b3b382fa0f09106c6173745f6564697465645f74696d65012800b3b382fa0f090e6c6173745f6564697465645f6279017a07b3f3678b801000a1b3b382fa0f14012700b3b382fa0f012432346339393137362d626532352d346562652d396363302d653037663536313962643031012800b3b382fa0f1702696401772432346339393137362d626532352d346562652d396363302d6530376635363139626430312800b3b382fa0f17046e616d6501770747656e6572616c2800b3b382fa0f170362696401772462333164383139332d323339322d346564392d393664342d3536633832616336353439332800b3b382fa0f17066c61796f7574017a00000000000000002800b3b382fa0f170a637265617465645f6174017a00000000698239842700b3b382fa0f042432346339393137362d626532352d346562652d396363302d653037663536313962643031000800b3b382fa0f1d027601026964772438383362663135662d393736302d343531612d383861352d6463616566653833646333667601026964772433303036666537652d356637392d343839342d626365342d3435333430363663386230392800b3b382fa0f170469636f6e0177002800b3b382fa0f170a637265617465645f6279017a07b3f3678b8010002100b3b382fa0f17106c6173745f6564697465645f74696d65012800b3b382fa0f170e6c6173745f6564697465645f6279017a07b3f3678b8010002800b3b382fa0f1705657874726101778e017b2269735f7370616365223a747275652c2273706163655f69636f6e223a22696e746572666163655f657373656e7469616c2f686f6d652d33222c2273706163655f69636f6e5f636f6c6f72223a2230784646413334414644222c2273706163655f7065726d697373696f6e223a302c2273706163655f637265617465645f6174223a313737303134323038347da1b3b382fa0f22012700b3b382fa0f012438383362663135662d393736302d343531612d383861352d646361656665383364633366012800b3b382fa0f2602696401772438383362663135662d393736302d343531612d383861352d6463616566653833646333662800b3b382fa0f26046e616d6501770f47657474696e6720737461727465642800b3b382fa0f260362696401772432346339393137362d626532352d346562652d396363302d6530376635363139626430312800b3b382fa0f26066c61796f7574017a00000000000000002800b3b382fa0f260a637265617465645f6174017a00000000698239842700b3b382fa0f042438383362663135662d393736302d343531612d383861352d646361656665383364633366000800b3b382fa0f2c037601026964772463356237633139382d393731312d346335332d613234322d3161636561326363323663347601026964772464366131623431642d653361612d346132652d383236312d3737313662636631303638637601026964772430643439383435642d363264372d346633362d623137322d6565343064323464396333642800b3b382fa0f260469636f6e0177177b227479223a302c2276616c7565223a22f09f8c9f227d2800b3b382fa0f260a637265617465645f6279017a07b3f3678b8010002100b3b382fa0f26106c6173745f6564697465645f74696d65012800b3b382fa0f260e6c6173745f6564697465645f6279017a07b3f3678b8010002800b3b382fa0f2605657874726101777f7b22666f6e745f6c61796f7574223a226e6f726d616c222c226c696e655f6865696768745f6c61796f7574223a226e6f726d616c222c22636f766572223a7b2274797065223a22636f6c6f72222c2276616c7565223a22617070666c6f77795f7468656d5f636f6c6f725f74696e7431227d2c22666f6e74223a6e756c6c7da1b3b382fa0f32012700b3b382fa0f012463356237633139382d393731312d346335332d613234322d316163656132636332366334012800b3b382fa0f3602696401772463356237633139382d393731312d346335332d613234322d3161636561326363323663342800b3b382fa0f36046e616d6501770d4465736b746f702067756964652800b3b382fa0f360362696401772438383362663135662d393736302d343531612d383861352d6463616566653833646333662800b3b382fa0f36066c61796f7574017a00000000000000002800b3b382fa0f360a637265617465645f6174017a00000000698239842700b3b382fa0f042463356237633139382d393731312d346335332d613234322d316163656132636332366334002800b3b382fa0f360469636f6e0177177b227479223a302c2276616c7565223a22f09f938e227d2800b3b382fa0f360a637265617465645f6279017a07b3f3678b8010002800b3b382fa0f36106c6173745f6564697465645f74696d65017a00000000698239842800b3b382fa0f360e6c6173745f6564697465645f6279017a07b3f3678b801000a1b3b382fa0f35012700b3b382fa0f012464366131623431642d653361612d346132652d383236312d373731366263663130363863012800b3b382fa0f4202696401772464366131623431642d653361612d346132652d383236312d3737313662636631303638632800b3b382fa0f42046e616d6501770c4d6f62696c652067756964652800b3b382fa0f420362696401772438383362663135662d393736302d343531612d383861352d6463616566653833646333662800b3b382fa0f42066c61796f7574017a00000000000000002800b3b382fa0f420a637265617465645f6174017a00000000698239842700b3b382fa0f042464366131623431642d653361612d346132652d383236312d373731366263663130363863002800b3b382fa0f420469636f6e0177002800b3b382fa0f420a637265617465645f6279017a07b3f3678b8010002800b3b382fa0f42106c6173745f6564697465645f74696d65017a00000000698239842800b3b382fa0f420e6c6173745f6564697465645f6279017a07b3f3678b801000a8b3b382fa0f41017a00000000698239842700b3b382fa0f012430643439383435642d363264372d346633362d623137322d656534306432346439633364012800b3b382fa0f4e02696401772430643439383435642d363264372d346633362d623137322d6565343064323464396333642800b3b382fa0f4e046e616d650177095765622067756964652800b3b382fa0f4e0362696401772438383362663135662d393736302d343531612d383861352d6463616566653833646333662800b3b382fa0f4e066c61796f7574017a00000000000000002800b3b382fa0f4e0a637265617465645f6174017a00000000698239842700b3b382fa0f042430643439383435642d363264372d346633362d623137322d656534306432346439633364002800b3b382fa0f4e0469636f6e0177002800b3b382fa0f4e0a637265617465645f6279017a07b3f3678b8010002800b3b382fa0f4e106c6173745f6564697465645f74696d65017a00000000698239842800b3b382fa0f4e0e6c6173745f6564697465645f6279017a07b3f3678b801000a8b3b382fa0f25017a00000000698239842700b3b382fa0f012433303036666537652d356637392d343839342d626365342d343533343036366338623039012800b3b382fa0f5a02696401772433303036666537652d356637392d343839342d626365342d3435333430363663386230392800b3b382fa0f5a046e616d65017706546f2d646f732800b3b382fa0f5a0362696401772432346339393137362d626532352d346562652d396363302d6530376635363139626430312800b3b382fa0f5a066c61796f7574017a00000000000000022800b3b382fa0f5a0a637265617465645f6174017a00000000698239842700b3b382fa0f042433303036666537652d356637392d343839342d626365342d343533343036366338623039002800b3b382fa0f5a0469636f6e0177167b227479223a302c2276616c7565223a22e29c85227d2800b3b382fa0f5a0a637265617465645f6279017a07b3f3678b8010002800b3b382fa0f5a106c6173745f6564697465645f74696d65017a00000000698239842800b3b382fa0f5a0e6c6173745f6564697465645f6279017a07b3f3678b801000a8b3b382fa0f16017a00000000698239842700b3b382fa0f012433666136356266312d316461662d343062632d396262652d336133336134386330623636012800b3b382fa0f6602696401772433666136356266312d316461662d343062632d396262652d3361333361343863306236362800b3b382fa0f66046e616d650177065368617265642800b3b382fa0f660362696401772462333164383139332d323339322d346564392d393664342d3536633832616336353439332800b3b382fa0f66066c61796f7574017a00000000000000002800b3b382fa0f660a637265617465645f6174017a00000000698239842700b3b382fa0f042433666136356266312d316461662d343062632d396262652d336133336134386330623636002800b3b382fa0f660469636f6e0177002800b3b382fa0f660a637265617465645f6279017a07b3f3678b8010002800b3b382fa0f66106c6173745f6564697465645f74696d65017a00000000698239842800b3b382fa0f660e6c6173745f6564697465645f6279017a07b3f3678b8010002800b3b382fa0f6605657874726101778e017b2269735f7370616365223a747275652c2273706163655f69636f6e223a22696e746572666163655f657373656e7469616c2f737461722d32222c2273706163655f69636f6e5f636f6c6f72223a2230784646464642413030222c2273706163655f7065726d697373696f6e223a302c2273706163655f637265617465645f6174223a313737303134323038347d2800b3b382fa0f031163757272656e745f776f726b737061636501772462333164383139332d323339322d346564392d393664342d3536633832616336353439332800b3b382fa0f030c63757272656e745f7669657701772438383362663135662d393736302d343531612d383861352d6463616566653833646333662700b3b382fa0f031563757272656e745f766965775f666f725f75736572012800b3b382fa0f741235353530353438303531343433303937363001772438383362663135662d393736302d343531612d383861352d64636165666538336463336601b3b382fa0f07140116012201250132013501410100,Folder
b31d8193-2392-4ed9-96d4-56c82ac65493,b38bdc21-2642-4a2b-ae14-42f01729d52f,1,08000000000000000182cbf8ed03bf01291500000000000001a40182cbf8ed03002701046461746108646174616261736501280082cbf8ed030002696401772462333862646332312d323634322d346132622d616531342d343266303137323964353266270082cbf8ed0300066669656c647301270082cbf8ed030005766965777301270082cbf8ed0300056d6574617301270082cbf8ed03020670685652674c01280082cbf8ed030502696401770670685652674c280082cbf8ed0305046e616d6501770b4465736372697074696f6e280082cbf8ed03050469636f6e017700280082cbf8ed03050a637265617465645f6174017a0000000069823984280082cbf8ed03050d6c6173745f6d6f646966696564017a0000000069823984280082cbf8ed03050a69735f7072696d6172790178280082cbf8ed0305027479017a0000000000000000270082cbf8ed03050b747970655f6f7074696f6e01270082cbf8ed030d013001280082cbf8ed030e0464617461017700270082cbf8ed03020653717752673101280082cbf8ed0310026964017706537177526731280082cbf8ed0310046e616d65017706537461747573280082cbf8ed03100469636f6e017700280082cbf8ed03100a637265617465645f6174017a0000000069823984280082cbf8ed03100d6c6173745f6d6f646966696564017a0000000069823984280082cbf8ed03100a69735f7072696d6172790179280082cbf8ed0310027479017a0000000000000003270082cbf8ed03100b747970655f6f7074696f6e01270082cbf8ed0318013301280082cbf8ed031907636f6e74656e740177b0017b226f7074696f6e73223a5b7b226964223a2243455a44222c226e616d65223a22546f20446f222c22636f6c6f72223a22507572706c65227d2c7b226964223a22547a6e48222c226e616d65223a22446f696e67222c22636f6c6f72223a224f72616e6765227d2c7b226964223a225f5f6e36222c226e616d65223a22e29c8520446f6e65222c22636f6c6f72223a2259656c6c6f77227d5d2c2264697361626c655f636f6c6f72223a66616c73657d270082cbf8ed03020677645838444701280082cbf8ed031b026964017706776458384447280082cbf8ed031b046e616d6501770b4d756c746973656c656374280082cbf8ed031b0469636f6e017700280082cbf8ed031b0a637265617465645f6174017a0000000069823984280082cbf8ed031b0d6c6173745f6d6f646966696564017a0000000069823984280082cbf8ed031b0a69735f7072696d6172790179280082cbf8ed031b027479017a0000000000000004270082cbf8ed031b0b747970655f6f7074696f6e01270082cbf8ed0323013001280082cbf8ed03240464617461017700280082cbf8ed032407636f6e74656e740177247b226f7074696f6e73223a5b5d2c2264697361626c655f636f6c6f72223a66616c73657d270082cbf8ed0323013401280082cbf8ed032707636f6e74656e74017784047b226f7074696f6e73223a5b7b226964223a223450446e222c226e616d65223a22676574207468696e677320646f6e65222c22636f6c6f72223a22507572706c65227d2c7b226964223a2242707967222c226e616d65223a2273656c662d686f7374222c22636f6c6f72223a22426c7565227d2c7b226964223a22474f516a222c226e616d65223a226f70656e20736f75726365222c22636f6c6f72223a2241717561227d2c7b226964223a2242442d54222c226e616d65223a226c6f6f6b73206772656174222c22636f6c6f72223a22477265656e227d2c7b226964223a223655784d222c226e616d65223a2266617374222c22636f6c6f72223a224c696d65227d2c7b226964223a2267325571222c226e616d65223a22436c617564652033222c22636f6c6f72223a2259656c6c6f77227d2c7b226964223a2254742d4a222c226e616d65223a224750542d346f222c22636f6c6f72223a224f72616e6765227d2c7b226964223a2235514459222c226e616d65223a22512641222c22636f6c6f72223a224c6967687450696e6b227d2c7b226964223a2258595578222c226e616d65223a226e657773222c22636f6c6f72223a2250696e6b227d2c7b226964223a22686f5a78222c226e616d65223a22736f6369616c222c22636f6c6f72223a22507572706c65227d5d2c2264697361626c655f636f6c6f72223a66616c73657d270082cbf8ed0302064b696e56646101280082cbf8ed03290269640177064b696e566461280082cbf8ed0329046e616d650177055461736b73280082cbf8ed03290469636f6e017700280082cbf8ed03290a637265617465645f6174017a0000000069823984280082cbf8ed03290d6c6173745f6d6f646966696564017a0000000069823984280082cbf8ed03290a69735f7072696d6172790179280082cbf8ed0329027479017a0000000000000007270082cbf8ed03290b747970655f6f7074696f6e01270082cbf8ed0331013701270082cbf8ed0331013001280082cbf8ed03330464617461017700270082cbf8ed03020633414536694b01280082cbf8ed033502696401770633414536694b280082cbf8ed0335046e616d6501770d4c617374206d6f646966696564280082cbf8ed03350469636f6e017700280082cbf8ed03350a637265617465645f6174017a0000000069823984280082cbf8ed03350d6c6173745f6d6f646966696564017a0000000069823984280082cbf8ed03350a69735f7072696d6172790179280082cbf8ed0335027479017a0000000000000008270082cbf8ed03350b747970655f6f7074696f6e01270082cbf8ed033d013001280082cbf8ed033e0c696e636c7564655f74696d650178280082cbf8ed033e0b74696d655f666f726d6174017d01280082cbf8ed033e0464617461017700280082cbf8ed033e0a6669656c645f74797065017d08280082cbf8ed033e0b646174655f666f726d6174017d03270082cbf8ed033d013801280082cbf8ed03440a6669656c645f74797065017d08280082cbf8ed03440c696e636c7564655f74696d650178280082cbf8ed03440b646174655f666f726d6174017d03280082cbf8ed03440b74696d655f666f726d6174017d01270082cbf8ed03032437663332626138332d623930652d356637352d393632612d62353031383739626136326301280082cbf8ed034902696401772437663332626138332d623930652d356637352d393632612d623530313837396261363263280082cbf8ed03490b64617461626173655f696401772462333862646332312d323634322d346132622d616531342d343266303137323964353266280082cbf8ed0349046e616d65017700280082cbf8ed03490a637265617465645f6174017a0000000069823984280082cbf8ed03490b6d6f6469666965645f6174017a0000000069823984270082cbf8ed03490f6c61796f75745f73657474696e677301280082cbf8ed0349066c61796f7574017a0000000000000000270082cbf8ed03490e6669656c645f73657474696e677301270082cbf8ed03490766696c7465727300270082cbf8ed03490667726f75707300270082cbf8ed034905736f72747300270082cbf8ed03490c6669656c645f6f726465727300080082cbf8ed0355057601026964770670685652674c7601026964770653717752673176010269647706776458384447760102696477064b696e5664617601026964770633414536694b270082cbf8ed03490a726f775f6f726465727300080082cbf8ed035b057602066865696768747d3c026964772461353665613838352d353637632d343537302d613031622d3561653662643164666136337602026964772436346263363932332d656266392d343130302d613538332d653439633433646366326338066865696768747d3c7602026964772462643633376639302d373037642d346664362d383335652d333365663630376536373530066865696768747d3c7602066865696768747d3c026964772430623362393531652d333566622d343330382d383566312d3561626665633930366337307602026964772461636234643462362d663365382d343636352d613665302d393965666233663835303331066865696768747d3c280082cbf8ed03490969735f696e6c696e650178280082cbf8ed034908656d6265646465640179280082cbf8ed03040369696401772437663332626138332d623930652d356637352d393632612d623530313837396261363263270082cbf8ed03032433303036666537652d356637392d343839342d626365342d34353334303636633862303901280082cbf8ed036402696401772433303036666537652d356637392d343839342d626365342d343533343036366338623039280082cbf8ed03640b64617461626173655f696401772462333862646332312d323634322d346132622d616531342d343266303137323964353266280082cbf8ed0364046e616d65017708556e7469746c6564280082cbf8ed03640a637265617465645f6174017a0000000069823984280082cbf8ed03640b6d6f6469666965645f6174017a0000000069823984270082cbf8ed03640f6c61796f75745f73657474696e677301270082cbf8ed036a013101280082cbf8ed036b16636f6c6c617073655f68696464656e5f67726f7570730178280082cbf8ed036b15686964655f756e67726f757065645f636f6c756d6e0178280082cbf8ed0364066c61796f7574017a0000000000000001270082cbf8ed03640e6669656c645f73657474696e677301270082cbf8ed036f0653717752673101280082cbf8ed0370057769647468017d9602280082cbf8ed037004777261700178280082cbf8ed03700a7669736962696c697479017d01270082cbf8ed036f064b696e56646101280082cbf8ed03740a7669736962696c697479017d01270082cbf8ed036f0677645838444701280082cbf8ed03760a7669736962696c697479017d02280082cbf8ed037604777261700178280082cbf8ed0376057769647468017d9602270082cbf8ed036f0633414536694b01280082cbf8ed037a0a7669736962696c697479017d02280082cbf8ed037a057769647468017d9602280082cbf8ed037a04777261700178270082cbf8ed036f0670685652674c01280082cbf8ed037e04777261700178280082cbf8ed037e0a7669736962696c697479017d00280082cbf8ed037e057769647468017d9602270082cbf8ed03640766696c7465727300270082cbf8ed03640667726f75707300070082cbf8ed03830101280082cbf8ed038401027479017d03280082cbf8ed038401026964017708673a674a39793635280082cbf8ed038401086669656c645f6964017706537177526731270082cbf8ed0384010667726f75707300080082cbf8ed03880104760202696477065371775267310776697369626c657876020776697369626c6578026964770443455a4476020776697369626c65780269647704547a6e48760202696477045f5f6e360776697369626c6578280082cbf8ed03840107636f6e74656e74017700270082cbf8ed036405736f72747300270082cbf8ed03640c6669656c645f6f726465727300080082cbf8ed038f01057601026964770670685652674c7601026964770653717752673176010269647706776458384447760102696477064b696e5664617601026964770633414536694b270082cbf8ed03640a726f775f6f726465727300080082cbf8ed039501057602026964772461353665613838352d353637632d343537302d613031622d356165366264316466613633066865696768747d3c7602026964772436346263363932332d656266392d343130302d613538332d653439633433646366326338066865696768747d3c7602026964772462643633376639302d373037642d346664362d383335652d333365663630376536373530066865696768747d3c7602026964772430623362393531652d333566622d343330382d383566312d356162666563393036633730066865696768747d3c7602066865696768747d3c026964772461636234643462362d663365382d343636352d613665302d393965666233663835303331280082cbf8ed03640969735f696e6c696e650179280082cbf8ed036408656d6265646465640179270082cbf8ed03032431643064353433612d623132642d343234362d393832302d31623238316536303164636201280082cbf8ed039d0102696401772431643064353433612d623132642d343234362d393832302d316232383165363031646362280082cbf8ed039d010b64617461626173655f696401772462333862646332312d323634322d346132622d616531342d343266303137323964353266280082cbf8ed039d01046e616d6501770447726964280082cbf8ed039d010a637265617465645f6174017a0000000069823984280082cbf8ed039d010b6d6f6469666965645f6174017a0000000069823984270082cbf8ed039d010f6c61796f75745f73657474696e677301280082cbf8ed039d01066c61796f7574017a0000000000000000270082cbf8ed039d010e6669656c645f73657474696e677301270082cbf8ed03a501064b696e56646101280082cbf8ed03a6010a7669736962696c697479017d00270082cbf8ed03a5010633414536694b01280082cbf8ed03a8010a7669736962696c697479017d00270082cbf8ed03a5010677645838444701280082cbf8ed03aa010a7669736962696c697479017d00280082cbf8ed03aa0104777261700178280082cbf8ed03aa01057769647468017d9a03270082cbf8ed039d010766696c7465727300270082cbf8ed039d010667726f75707300270082cbf8ed039d0105736f72747300270082cbf8ed039d010c6669656c645f6f726465727300080082cbf8ed03b101057601026964770670685652674c7601026964770653717752673176010269647706776458384447760102696477064b696e5664617601026964770633414536694b270082cbf8ed039d010a726f775f6f726465727300080082cbf8ed03b701057602026964772461353665613838352d353637632d343537302d613031622d356165366264316466613633066865696768747d3c7602066865696768747d3c026964772436346263363932332d656266392d343130302d613538332d6534396334336463663263387602066865696768747d3c026964772462643633376639302d373037642d346664362d383335652d3333656636303765363735307602026964772430623362393531652d333566622d343330382d383566312d356162666563393036633730066865696768747d3c7602026964772461636234643462362d663365382d343636352d613665302d393965666233663835303331066865696768747d3c280082cbf8ed039d010969735f696e6c696e650179280082cbf8ed039d0108656d62656464656401790000,Database
b31d8193-2392-4ed9-96d4-56c82ac65493,bd637f90-707d-4fd6-835e-33ef607e6750,4,07000000000000000182cbf8ed03174e02000000000000011782cbf8ed03002701046461746104646174610127010464617461046d657461012701046461746107636f6d6d656e7400280082cbf8ed030002696401772462643633376639302d373037642d346664362d383335652d333365663630376536373530280082cbf8ed03000b64617461626173655f696401772462333862646332312d323634322d346132622d616531342d343266303137323964353266280082cbf8ed030006686569676874017a000000000000003c280082cbf8ed03000a7669736962696c6974790178280082cbf8ed03000a637265617465645f6174017a0000000069823984280082cbf8ed03000d6c6173745f6d6f646966696564017a0000000069823984270082cbf8ed03000563656c6c7301270082cbf8ed03090677645838444701280082cbf8ed030a0d6c6173745f6d6f646966696564017d8dfaf7eb0c280082cbf8ed030a0a637265617465645f6174017db7f9f7eb0c280082cbf8ed030a0a6669656c645f74797065017d04280082cbf8ed030a046461746101770942442d542c3655784d270082cbf8ed03090670685652674c01280082cbf8ed030f0d6c6173745f6d6f646966696564017daff3f7eb0c280082cbf8ed030f0464617461017717496e7374616c6c20417070466c6f7779204d6f62696c65280082cbf8ed030f0a637265617465645f6174017da3f3f7eb0c280082cbf8ed030f0a6669656c645f74797065017d00270082cbf8ed03090653717752673101280082cbf8ed0314046461746101770443455a44280082cbf8ed03140a6669656c645f74797065017d030000,Other
b31d8193-2392-4ed9-96d4-56c82ac65493,c5b7c198-9711-4c53-a242-1acea2cc26c4,0,"",View
b31d8193-2392-4ed9-96d4-56c82ac65493,d6a1b41d-e3aa-4a2e-8261-7716bcf1068c,0,"",View
b31d8193-2392-4ed9-96d4-56c82ac65493,d4467d9f-004f-4d8e-bd65-c715ecece820,2,0700000000000000019896ddfc0c06b70000000000000001069896ddfc0c0027010464617461096461746162617365730007009896ddfc0c000128009896ddfc0c010b64617461626173655f696401772462333862646332312d323634322d346132622d616531342d34326630313732396435326628009896ddfc0c010a637265617465645f6174017d84e691980d27009896ddfc0c010576696577730008009896ddfc0c0401772433303036666537652d356637392d343839342d626365342d3435333430363663386230390000,WorkspaceDB
b31d8193-2392-4ed9-96d4-56c82ac65493,b0faeab0-e6e1-5726-a642-2effd8301ae6,5,070000000000000001ad90c8e20b0350000000000000000103ad90c8e20b00270104646174610e757365725f61776172656e657373012700ad90c8e20b0013617070656172616e63655f73657474696e6773012700ad90c8e20b000972656d696e64657273000000,UserAwareness
